{
    "layout":{
        "type":"layout",
        "pages":[
            "layout",
            "behaviour",
            "search",
            "appearance",
            "tips"
        ],
        "layout":{
            "type":"page",
            "title":"Layout",
            "sections":[
                "menu-layout",
                "menu-content"
            ]
        },
        "behaviour":{
            "type":"page",
            "title":"Behavior",
            "sections":[
                "panel-behave",
                "menu-behave"
            ]
        },
        "search":{
            "type":"page",
            "title":"Search",
            "sections":[
                "search-search"
            ]
        },
        "appearance":{
            "type":"page",
            "title":"Appearance",
            "sections":[
                "panel-appear",
                "menu-icons"
            ]
        },
        "tips":{
            "type":"page",
            "title":"Tips",
            "sections":[
                "tips-section"
            ]
        },
        "menu-layout":{
            "type":"section",
            "title":"Layout",
            "keys":[
                "applications-view-mode",
                "show-sidebar",
                "sidebar-placement",
                "sidebar-favorites",
                "description-placement"
            ]
        },
        "menu-content":{
            "type":"section",
            "title":"Content",
            "keys":[
                "show-categories",
                "show-places-category",
                "show-recents-category",
                "show-favorite-apps-category",
                "show-home-folder-category",
                "show-emoji-category",
                "menu-editor-button"
            ]
        },
        "panel-behave":{
            "type":"section",
            "title":"Panel",
            "keys":[
                "overlay-key",
                "activate-on-hover",
                "hover-delay",
                "enable-animation"
            ]
        },
        "menu-behave":{
            "type":"section",
            "title":"Menu",
            "keys":[
                "category-click",
                "open-on-category",
                "enable-autoscroll",
                "show-hidden-files"
            ]
        },
        "search-search":{
            "type":"section",
            "title":"Search",
            "keys":[
                "enable-emoji-search",
                "web-search-option",
                "web-suggestions",
                "enable-home-folder-search",
                "enable-web-history-search",
                "enable-web-bookmarks-search",
                "enable-wikipedia-search",
                "wikipedia-language",
                "search-help"
            ]
        },
        "panel-appear":{
            "type":"section",
            "title":"Panel",
            "keys":[
                "menu-icon-custom",
                "menu-icon",
                "menu-icon-size-custom",
                "menu-icon-size",
                "menu-label"
            ]
        },
        "menu-icons":{
            "type":"section",
            "title":"Menu",
            "keys":[
                "category-icon-size",
                "apps-list-icon-size",
                "apps-grid-icon-size",
                "sidebar-icon-size",
                "use-box-style",
                "use-tile-style"
            ]
        },
        "tips-section":{
            "type":"section",
            "title":"Tips",
            "keys":[
                "info1",
                "info2",
                "info3",
                "info4",
                "info5"
            ]
        }
    },

    "categories":{
        "type":"generic",
        "default":[]
    },
    "custom-menu-width":{
        "type":"generic",
        "default":800
    },
    "custom-menu-height":{
        "type":"generic",
        "default":530
    },
    "recent-apps":{
        "type":"generic",
        "default":[]
    },
    "search-start-folder":{
        "type":"generic",
        "default":""
    },
    "folder-categories":{
        "type":"generic",
        "default":[]
    },
    "all-apps-old-style":{
        "type":"generic",
        "default":false
    },

    "applications-view-mode":{
        "type":"combobox",
        "default":1,
        "description":"Applications view mode",
        "options":{
            "List":0,
            "Grid":1
        },
        "tooltip":"View applications as list or grid"
    },
    "show-sidebar":{
        "type":"switch",
        "default":true,
        "description":"Show sidebar",
        "tooltip":"Show the sidebar in the menu"
    },
    "sidebar-placement":{
        "dependency":"show-sidebar",
        "type":"combobox",
        "default":1,
        "description":"Sidebar location",
        "options":{
            "Top":0,
            "Bottom":1,
            "Left":2,
            "Right":3
        },
        "tooltip":"Choose where to show the sidebar"
    },
    "sidebar-favorites":{
        "dependency":"show-sidebar",
        "type":"combobox",
        "default":3,
        "description":"Show favorites on sidebar",
        "options":{
            "None":0,
            "Apps only":1,
            "Files only":2,
            "Apps and files":3
        },
        "tooltip":"Show your favorite apps and file icons on the sidebar"
    },
    "description-placement":{
        "type":"combobox",
        "default":0,
        "description":"Application description placement",
        "options":{
            "Tooltips":0,
            "Under titles":1,
            "None":2
        },
        "tooltip":"Choose where to show application descriptions"
    },

    "show-categories":{
        "type":"switch",
        "default":true,
        "description":"Show categories",
        "tooltip":"Show list of application categories"
    },
    "show-places-category":{
        "dependency":"show-categories",
        "type":"switch",
        "default":true,
        "description":"Show bookmarks and places",
        "tooltip":"Show bookmarks and places category in the menu"
    },
    "show-recents-category":{
        "dependency":"show-categories",
        "type":"switch",
        "default":true,
        "description":"Show recent items",
        "tooltip":"Show recent items category in the menu"
    },
    "show-favorite-apps-category":{
        "dependency":"show-categories",
        "type":"switch",
        "default":false,
        "description":"Show favorite apps category",
        "tooltip":"Show your favorite apps category in the menu"
    },
    "show-home-folder-category":{
        "dependency":"show-categories",
        "type":"checkbox",
        "default":true,
        "description":"Show home folder",
        "tooltip":"Show home folder category in the menu"
    },
    "show-emoji-category":{
        "dependency":"show-categories",
        "type":"checkbox",
        "default":true,
        "description":"Show emoji category",
        "tooltip":"Show emoji category in the menu"
    },
    "menu-editor-button":{
        "type":"button",
        "description":"Open the menu editor",
        "callback":"launchEditor"
    },

    "overlay-key":{
        "type":"keybinding",
        "description":"Keyboard shortcut to open and close the menu",
        "default":"Super_L::Super_R"
    },
    "activate-on-hover":{
        "type":"checkbox",
        "default":false,
        "description":"Open menu on hover",
        "tooltip":"Open the menu when I move my mouse over the panel icon"
    },
    "hover-delay":{
        "dependency":"activate-on-hover",
        "type":"spinbutton",
        "default":50,
        "min":0,
        "max":1000,
        "step":50,
        "units":"milliseconds",
        "description":"Menu hover delay"
    },
    "enable-animation":{
        "type":"checkbox",
        "default":false,
        "description":"Use menu animations",
        "tooltip":"Animate the menu on open and close"
    },

    "category-click":{
        "dependency":"show-categories",
        "type":"checkbox",
        "default":true,
        "description":"Activate categories on click",
        "tooltip":"Activate categories on click instead of on hover"
    },
    "open-on-category":{
        "dependency":"show-categories",
        "type":"combobox",
        "default":0,
        "description":"Open menu on category:",
        "tooltip":"Always open the menu with this category selected",
        "options":{
            "Last used category":0,
            "Favorite apps":1,
            "Recent":2,
            "Places":3,
            "All applications":4
        }
    },
    "enable-autoscroll":{
        "type":"checkbox",
        "default":true,
        "description":"Enable autoscrolling",
        "tooltip":"Autoscroll the application list on mouse hover"
    },
    "show-hidden-files":{
        "dependency":"show-categories",
        "type":"checkbox",
        "default":false,
        "description":"Show hidden files",
        "tooltip":"Show hidden files in folder view"
    },

    "enable-emoji-search":{
        "type":"checkbox",
        "default":true,
        "description":"Emoji search",
        "tooltip":"Show emojis in search results"
    },
    "web-search-option":{
        "type":"combobox",
        "default":1,
        "description":"Web search option",
        "options":{
            "None":0,
            "Google":1,
            "Bing":2,
            "Baidu":3,
            "Yahoo":4,
            "Yandex":5,
            "DuckDuckGo":6,
            "Ask":7,
            "Ecosia":8,
            "AOL":9,
            "Startpage":10,
            "Brave":11,
            "Qwant":12
        },
        "tooltip":"Show an internet search option in search results"
    },
    "web-suggestions":{
        "type":"checkbox",
        "default":false,
        "description":"Web search suggestions",
        "tooltip":"With web search option, also show search suggestions. (Note: Search suggestions are provided by DuckDuckGo)"
    },
    "enable-home-folder-search":{
        "type":"checkbox",
        "default":true,
        "description":"Search home folder",
        "tooltip":"When searching, also search my home folder for files"
    },
    "enable-web-history-search":{
        "type":"checkbox",
        "default":false,
        "description":"Web history search",
        "tooltip":"When searching, also search my browser's history (Google Chrome, Chromium, Opera, Vivaldi, Brave)\nNote: Firefox history is not currently supported."
    },
    "enable-web-bookmarks-search":{
        "type":"checkbox",
        "default":false,
        "description":"Web bookmarks search",
        "tooltip":"When searching, also search my browser's web bookmarks (Google Chrome, Firefox, Chromium, Opera, Vivaldi, Brave)\nNote: To search Firefox bookmarks you will need to install package gir1.2-gda-5.0 (Debian based distributions inc. Ubuntu & Linux Mint) or package libgda (Arch based distributions) and restart your computer."
    },
    "enable-wikipedia-search":{
        "type":"checkbox",
        "default":false,
        "description":"Wikipedia search",
        "tooltip":"Show some Wikipedia results"
    },
    "wikipedia-language":{
        "type":"combobox",
        "default":"en",
        "description":"Wikipedia language",
        "dependency":"enable-wikipedia-search",
        "options":{
            "English":"en",
            "Sinugboanong Binisaya":"ceb",
            "Svenska":"sv",
            "Deutsch":"de",
            "Français":"fr",
            "Nederlands":"nl",
            "Русский":"ru",
            "Italiano":"it",
            "Español":"es",
            "Polski":"pl",
            "مصرى (Maṣri)":"arz",
            "日本語":"ja",
            "Tiếng Việt":"vi",
            "Winaray":"war",
            "中文":"zh",
            "العربية":"ar",
            "Українська":"uk",
            "Português":"pt",
            "فارسی":"fa",
            "Català":"ca",
            "Српски / Srpski":"sr",
            "Bahasa Indonesia":"id",
            "Norsk (Bokmål)":"no",
            "한국어":"ko",
            "Suomi":"fi",
            "Magyar":"hu",
            "Čeština":"cs",
            "Srpskohrvatski / Српскохрватски":"sh",
            "Bân-lâm-gú":"zh-min-nan",
            "Türkçe":"tr",
            "Română":"ro",
            "Нохчийн":"ce",
            "Euskara":"eu",
            "Bahasa Melayu":"ms",
            "Tatarça / Татарча":"tt",
            "Esperanto":"eo",
            "עברית":"he",
            "Հայերեն":"hy",
            "Български":"bg",
            "Dansk":"da",
            "تۆرکجه":"azb",
            "Slovenčina":"sk",
            "Қазақша":"kk",
            "Minangkabau":"min",
            "Eesti":"et",
            "Hrvatski":"hr",
            "Беларуская":"be",
            "Lietuvių":"lt",
            "Ελληνικά":"el",
            "Simple English":"simple",
            "Azərbaycanca":"az",
            "Galego":"gl",
            "Slovenščina":"sl",
            "اردو":"ur",
            "Nynorsk":"nn",
            "ქართული":"ka",
            "हिन्दी":"hi",
            "தமிழ்":"ta",
            "ไทย":"th",
            "O‘zbek":"uz",
            "Latina":"la",
            "Cymraeg":"cy",
            "Asturianu":"ast",
            "Volapük":"vo",
            "粵語":"zh-yue",
            "Македонски":"mk",
            "বাংলা":"bn",
            "Latviešu":"lv",
            "Тоҷикӣ":"tg",
            "မြန်မာဘာသာ":"my"
        },
        "tooltip":"Wikipedia language"
    },
    "search-help":{
        "type":"label",
        "description":"\nNote: Some search options can still be used even if you have not enabled them here by prefixing your search term.\nFor example: to search for an emoji, type 'e heart' to find heart emojis. Likewise, use prefixes 'f ' for file search, 'h ' for web history and 'b ' for web bookmarks search.\n"
    },

    "menu-icon-custom":{
        "type":"checkbox",
        "default":false,
        "description":"Use a custom icon",
        "tooltip":"Use a custom icon in the panel"
    },
    "menu-icon":{
        "type":"iconfilechooser",
        "default":"cinnamon-symbolic",
        "description":"Panel icon",
        "dependency":"menu-icon-custom",
        "icon_categories" : [{
            "name" : "Linux",
            "icons" : [
                "application-menu",
                "application-menu-symbolic",
                "cinnamon",
                "cinnamon-symbolic",
                "cinnamon-all-applications-symbolic",
                "distributor-logo",
                "distributor-logo-garuda",
                "distributor-logo-garudalinux",
                "emblem-favorite",
                "emblem-favorite-symbolic",
                "gnome-main-menu",
                "linuxmint-logo",
                "linuxmint-logo-badge",
                "linuxmint-logo-badge-symbolic",
                "linuxmint-logo-filled-badge",
                "linuxmint-logo-filled-leaf-badge",
                "linuxmint-logo-filled-leaf",
                "linuxmint-logo-filled-ring",
                "linuxmint-logo-leaf-badge",
                "linuxmint-logo-leaf-badge-symbolic",
                "linuxmint-logo-leaf",
                "linuxmint-logo-leaf-symbolic",
                "linuxmint-logo-neon",
                "linuxmint-logo-ring",
                "linuxmint-logo-ring-symbolic",
                "linuxmint-logo-simple",
                "linuxmint-logo-simple-symbolic",
                "manjaro",
                "manjarolinux",
                "open-menu",
                "open-menu-symbolic",
                "opensuse_menu_icon",
                "start-here",
                "start-here-symbolic",
                "start-here-archlinux",
                "start-here-debian",
                "start-here-fedora",
                "start-here-linux-mint",
                "start-here-opensuse",
                "start-here-ubuntu"
            ]
        }],
        "default_category" : "Linux",
        "default_icon" : "cinnamon-symbolic",
        "tooltip":"Panel icon"
    },
    "menu-icon-size-custom":{
        "type":"checkbox",
        "default":false,
        "description":"Use a custom icon size",
        "tooltip":"Use a custom size for the panel icon"
    },
    "menu-icon-size":{
        "type":"spinbutton",
        "default":24,
        "min":0,
        "max":60,
        "step":1,
        "units":"",
        "description":"Panel icon size (pixels)",
        "dependency":"menu-icon-size-custom",
        "tooltip":"Choose a custom size for the panel icon"
    },
    "menu-label":{
        "type":"entry",
        "default":"Menu",
        "description":"Panel text",
        "tooltip":"Text to show beside the panel icon"
    },

    "category-icon-size":{
        "dependency":"show-categories",
        "type":"spinbutton",
        "default":24,
        "min":0,
        "max":256,
        "step":1,
        "units":"",
        "description":"Category icon size (pixels)",
        "tooltip":"Category icon size (pixels)"
    },
    "apps-list-icon-size":{
        "type":"spinbutton",
        "default":24,
        "min":0,
        "max":256,
        "step":1,
        "units":"",
        "description":"Applications list icon size (pixels)",
        "tooltip":"Applications list icon size (pixels)"
    },
    "apps-grid-icon-size":{
        "type":"spinbutton",
        "default":64,
        "min":0,
        "max":256,
        "step":1,
        "units":"",
        "description":"Applications grid icon size (pixels)",
        "tooltip":"Applications grid icon size (pixels)"
    },
    "sidebar-icon-size":{
        "dependency":"show-sidebar",
        "type":"spinbutton",
        "default":32,
        "min":6,
        "max":64,
        "step":1,
        "units":"",
        "description":"Sidebar icon size (pixels)",
        "tooltip":"Sidebar icon size (pixels)"
    },
    "use-box-style":{
        "dependency":"show-sidebar",
        "type":"checkbox",
        "default":false,
        "description":"Use sidebar box style",
        "tooltip":"Use a sidebar box style"
    },
    "use-tile-style":{
        "type":"checkbox",
        "default":false,
        "description":"Use tile style",
        "tooltip":"Use a tile style for the application buttons (Note: may not work on some themes)"
    },

    "info1":{
        "type":"label",
        "description":"\n• Drag on the menu edge to change the menu size."
    },
    "info2":{
        "type":"label",
        "description":"\n• Drag and drop apps, files, and folders onto the sidebar."
    },
    "info3":{
        "type":"label",
        "description":"\n• Drag and drop menu categories to change their order."
    },
    "info4":{
        "type":"label",
        "description":"\n• Folders can be set up and removed as menu categories by right-clicking on them."
    },
    "info5":{
        "type":"label",
        "description":"\n• Additional key options:\nctrl-p — Open launcher properties dialogue of currently highlighted application.\nctrl-d — Open .desktop file of currently highlighted app in default text editor.\n"
    }
}
